{
  "Model": "Spline + XGB residual hybrid",
  "Spline_s": {
    "s_cl": 19.003967053138993,
    "s_cd": 156.96024947393119
  },
  "XGB_available": true,
  "CL": {
    "MSE": 0.0018530439868942718,
    "R2": 0.9954832474677368
  },
  "CD": {
    "MSE": 0.035394258161242476,
    "R2": 0.9874172459577268
  }
}