{
  "Best Params": {
    "hidden_layer_sizes": [
      64,
      64
    ],
    "alpha": 0.0001,
    "activation": "relu",
    "R2_cl": 0.9756049986111323,
    "R2_cd": 0.9907501991723702,
    "R2_mean": 0.9831775988917513
  },
  "Final Metrics": {
    "CL": {
      "MSE": 0.010008299173137876,
      "R2": 0.9756049986111323
    },
    "CD": {
      "MSE": 0.026018933322013743,
      "R2": 0.9907501991723702
    }
  }
}